Nombre,ECM
jdaniele,504.1666666666667
pjr95,504.1666666666667
dante_riccardini,73.5
fnegrete,228.16666666666666
